Question,Source No.,Source Title,Source Synopsis,Retrieved No.,Retrieved Title,Retrieved Synopsis
Which of the following approaches is most likely to be effective in minimizing disturbance to cave-dwelling bats during guided tours?,1002,Impose restrictions on cave visits,Bat Conservation,1995,Minimize noise levels within caves,Bat Conservation
Which of the following approaches is most likely to be effective in minimizing disturbance to cave-dwelling bats during guided tours?,1002,Impose restrictions on cave visits,Bat Conservation,999,Install and maintain cave gates to restrict public access,Bat Conservation
How does the frequency of prescribed burning affect bat species richness in unlogged forest blocks?,1006,Use prescribed burning,Bat Conservation,318,Use prescribed burning on pine forests,Bird Conservation
How does the frequency of prescribed burning affect bat species richness in unlogged forest blocks?,1006,Use prescribed burning,Bat Conservation,317,Use prescribed burning on deciduous forests,Bird Conservation
"In a conservation effort to protect long-tailed bats, which of the following actions would most likely lead to increased survival probabilities for female bats?",1007,Control invasive predators,Bat Conservation,2054,Rehabilitate injured/orphaned bats to maintain wild bat populations,Bat Conservation
"In a conservation effort to protect long-tailed bats, which of the following actions would most likely lead to increased survival probabilities for female bats?",1007,Control invasive predators,Bat Conservation,2053,Breed bats in captivity,Bat Conservation
"In the context of bat conservation, which of the following best describes the current understanding of the effectiveness of controlling invasive plant species?",1008,Control invasive plant species,Bat Conservation,1228,Mechanically/manually remove invasive plants,Forest Conservation
"In the context of bat conservation, which of the following best describes the current understanding of the effectiveness of controlling invasive plant species?",1008,Control invasive plant species,Bat Conservation,2045,Legally protect bat habitats,Bat Conservation
What potential trade-off might conservation managers face when modifying bat hibernacula to combat white-nose syndrome?,1013,Modify bat hibernacula environments to increase survival of bats infected with white-nose syndrome,Bat Conservation,2008,Treat bats for infection with white-nose syndrome,Bat Conservation
What potential trade-off might conservation managers face when modifying bat hibernacula to combat white-nose syndrome?,1013,Modify bat hibernacula environments to increase survival of bats infected with white-nose syndrome,Bat Conservation,42,Ensure commercial hives/nests are disease free,Bee Conservation
Which of the following outcomes is most likely to occur if streetlights are turned off for part of the night in urban areas?,1019,Restrict timing of lighting,Bat Conservation,467,Turn off lights to reduce mortality from artificial lights,Bird Conservation
Which of the following outcomes is most likely to occur if streetlights are turned off for part of the night in urban areas?,1019,Restrict timing of lighting,Bat Conservation,284,Turn deck lights off during night-time setting of longlines to reduce bycatch,Bird Conservation
"In the context of bird conservation, what is the most likely long-term outcome of enforcing legislation to protect birds against persecution?",101,Enforce legislation to protect birds against persecution,Farmland Conservation,271,Use legislative regulation to protect wild populations,Bird Conservation
"In the context of bird conservation, what is the most likely long-term outcome of enforcing legislation to protect birds against persecution?",101,Enforce legislation to protect birds against persecution,Farmland Conservation,272,Increase ‘on-the-ground’ protection to reduce unsustainable levels of exploitation,Bird Conservation
Which of the following outcomes is most likely to be observed when using ultraviolet filters on lights in bat habitats?,1020,Use ultraviolet filters on lights,Bat Conservation,2021,Use red lighting rather than other lighting colours,Bat Conservation
Which of the following outcomes is most likely to be observed when using ultraviolet filters on lights in bat habitats?,1020,Use ultraviolet filters on lights,Bat Conservation,2018,"Avoid illumination of bat foraging, drinking and swarming sites",Bat Conservation
"In the context of aquaculture pollution management, which of the following best describes the primary objective of establishing fallowing?",1027,Establish fallowing to reduce pollution,Sustainable Aquaculture,2191,Leave a fallow period during fish/shellfish farming,Subtidal Benthic Invertebrate Conservation
"In the context of aquaculture pollution management, which of the following best describes the primary objective of establishing fallowing?",1027,Establish fallowing to reduce pollution,Sustainable Aquaculture,2954,Flood cropland when fallow to conserve freshwater marshes,Marsh and Swamp Conservation
What potential trade-off might aquaculture operators face when implementing fallowing as a pollution reduction strategy?,1027,Establish fallowing to reduce pollution,Sustainable Aquaculture,2185,Cease or prohibit aquaculture activity,Subtidal Benthic Invertebrate Conservation
What potential trade-off might aquaculture operators face when implementing fallowing as a pollution reduction strategy?,1027,Establish fallowing to reduce pollution,Sustainable Aquaculture,937,Eco friendly biofouling prevention,Sustainable Aquaculture
What potential ecological trade-off should be considered when introducing predatory fish to control invasive crayfish populations?,1030,<i>Procambarus</i> crayfish control: Encouraging predators,Control of Freshwater Invasive Species,1030,<i>Procambarus</i> crayfish control: Encouraging predators,Control of Freshwater Invasive Species
What potential ecological trade-off should be considered when introducing predatory fish to control invasive crayfish populations?,1030,<i>Procambarus</i> crayfish control: Encouraging predators,Control of Freshwater Invasive Species,1029,<i>Procambarus</i> crayfish control: Trapping and removal,Control of Freshwater Invasive Species
How might the effectiveness of using predatory fish to control invasive crayfish populations vary across different geographical regions?,1030,<i>Procambarus</i> crayfish control: Encouraging predators,Control of Freshwater Invasive Species,1029,<i>Procambarus</i> crayfish control: Trapping and removal,Control of Freshwater Invasive Species
How might the effectiveness of using predatory fish to control invasive crayfish populations vary across different geographical regions?,1030,<i>Procambarus</i> crayfish control: Encouraging predators,Control of Freshwater Invasive Species,1031,<i>Procambarus</i> crayfish control: Trapping combined with encouragement of predators,Control of Freshwater Invasive Species
Which of the following strategies would likely be most effective in controlling invasive red swamp crayfish populations in freshwater ecosystems?,1031,<i>Procambarus</i> crayfish control: Trapping combined with encouragement of predators,Control of Freshwater Invasive Species,1031,<i>Procambarus</i> crayfish control: Trapping combined with encouragement of predators,Control of Freshwater Invasive Species
Which of the following strategies would likely be most effective in controlling invasive red swamp crayfish populations in freshwater ecosystems?,1031,<i>Procambarus</i> crayfish control: Trapping combined with encouragement of predators,Control of Freshwater Invasive Species,1030,<i>Procambarus</i> crayfish control: Encouraging predators,Control of Freshwater Invasive Species
"In the context of controlling invasive Procambarus crayfish populations, what conclusion can be drawn about the synergistic effects of multiple control methods?",1031,<i>Procambarus</i> crayfish control: Trapping combined with encouragement of predators,Control of Freshwater Invasive Species,1031,<i>Procambarus</i> crayfish control: Trapping combined with encouragement of predators,Control of Freshwater Invasive Species
"In the context of controlling invasive Procambarus crayfish populations, what conclusion can be drawn about the synergistic effects of multiple control methods?",1031,<i>Procambarus</i> crayfish control: Trapping combined with encouragement of predators,Control of Freshwater Invasive Species,1032,<i>Procambarus</i> crayfish control: Sterilization of males,Control of Freshwater Invasive Species
What potential trade-off should be considered when using chemical control methods like Pyblast for invasive crayfish management?,1036,<i>Procambarus</i> crayfish control: Add chemicals to the water,Control of Freshwater Invasive Species,1036,<i>Procambarus</i> crayfish control: Add chemicals to the water,Control of Freshwater Invasive Species
What potential trade-off should be considered when using chemical control methods like Pyblast for invasive crayfish management?,1036,<i>Procambarus</i> crayfish control: Add chemicals to the water,Control of Freshwater Invasive Species,1037,<i>Procambarus</i> crayfish control: Create barriers,Control of Freshwater Invasive Species
"In a scenario where invasive red swamp crayfish are rapidly spreading upstream in a river system, which conservation action would most likely be effective in controlling their population expansion?",1037,<i>Procambarus</i> crayfish control: Create barriers,Control of Freshwater Invasive Species,1030,<i>Procambarus</i> crayfish control: Encouraging predators,Control of Freshwater Invasive Species
"In a scenario where invasive red swamp crayfish are rapidly spreading upstream in a river system, which conservation action would most likely be effective in controlling their population expansion?",1037,<i>Procambarus</i> crayfish control: Create barriers,Control of Freshwater Invasive Species,1031,<i>Procambarus</i> crayfish control: Trapping combined with encouragement of predators,Control of Freshwater Invasive Species
A conservation manager is designing a long-term strategy to control American bullfrog populations in a freshwater ecosystem. Which of the following factors should be most carefully considered when implementing biological control using native predators?,1039,American bullfrog control: Biological control using native predators,Control of Freshwater Invasive Species,1039,American bullfrog control: Biological control using native predators,Control of Freshwater Invasive Species
A conservation manager is designing a long-term strategy to control American bullfrog populations in a freshwater ecosystem. Which of the following factors should be most carefully considered when implementing biological control using native predators?,1039,American bullfrog control: Biological control using native predators,Control of Freshwater Invasive Species,1045,American bullfrog control: Direct removal of adults,Control of Freshwater Invasive Species
"In a complex ecosystem with multiple invasive species, managers are considering various control methods for American bullfrogs. Which of the following statements best reflects the potential trade-offs and ecosystem impacts of intensive adult bullfrog removal?",1045,American bullfrog control: Direct removal of adults,Control of Freshwater Invasive Species,1045,American bullfrog control: Direct removal of adults,Control of Freshwater Invasive Species
"In a complex ecosystem with multiple invasive species, managers are considering various control methods for American bullfrogs. Which of the following statements best reflects the potential trade-offs and ecosystem impacts of intensive adult bullfrog removal?",1045,American bullfrog control: Direct removal of adults,Control of Freshwater Invasive Species,1048,American bullfrog control: Application of a biocide,Control of Freshwater Invasive Species
"Which of the following strategies would likely be most effective for controlling American bullfrog populations in a network of small, shallow ponds?",1046,American bullfrog control: Direct removal of juveniles,Control of Freshwater Invasive Species,1045,American bullfrog control: Direct removal of adults,Control of Freshwater Invasive Species
"Which of the following strategies would likely be most effective for controlling American bullfrog populations in a network of small, shallow ponds?",1046,American bullfrog control: Direct removal of juveniles,Control of Freshwater Invasive Species,1046,American bullfrog control: Direct removal of juveniles,Control of Freshwater Invasive Species
"In the context of American bullfrog control, what potential limitation should be considered when interpreting the effectiveness of juvenile removal strategies?",1046,American bullfrog control: Direct removal of juveniles,Control of Freshwater Invasive Species,1045,American bullfrog control: Direct removal of adults,Control of Freshwater Invasive Species
"In the context of American bullfrog control, what potential limitation should be considered when interpreting the effectiveness of juvenile removal strategies?",1046,American bullfrog control: Direct removal of juveniles,Control of Freshwater Invasive Species,1046,American bullfrog control: Direct removal of juveniles,Control of Freshwater Invasive Species
Which of the following statements best describes the current understanding of biocide effectiveness for controlling American bullfrogs?,1048,American bullfrog control: Application of a biocide,Control of Freshwater Invasive Species,1048,American bullfrog control: Application of a biocide,Control of Freshwater Invasive Species
Which of the following statements best describes the current understanding of biocide effectiveness for controlling American bullfrogs?,1048,American bullfrog control: Application of a biocide,Control of Freshwater Invasive Species,1050,Brown and black bullheads: Application of a biocide,Control of Freshwater Invasive Species
Which of the following strategies is most likely to be effective in controlling the spread of giant hogweed on farmland?,104,"Control invasive non-native plants on farmland (such as Himalayan Balsam, Japanese knotweed)",Farmland Conservation,104,"Control invasive non-native plants on farmland (such as Himalayan Balsam, Japanese knotweed)",Farmland Conservation
Which of the following strategies is most likely to be effective in controlling the spread of giant hogweed on farmland?,104,"Control invasive non-native plants on farmland (such as Himalayan Balsam, Japanese knotweed)",Farmland Conservation,123,Control weeds without damaging other plants in conservation areas,Farmland Conservation
A farmer wants to minimize the long-term impact of invasive non-native plants on their farmland. Which of the following approaches would be most aligned with the evidence presented?,104,"Control invasive non-native plants on farmland (such as Himalayan Balsam, Japanese knotweed)",Farmland Conservation,1228,Mechanically/manually remove invasive plants,Forest Conservation
A farmer wants to minimize the long-term impact of invasive non-native plants on their farmland. Which of the following approaches would be most aligned with the evidence presented?,104,"Control invasive non-native plants on farmland (such as Himalayan Balsam, Japanese knotweed)",Farmland Conservation,1314,Use herbicides to remove invasive plant species,Forest Conservation
What is the potential impact of increasing water salinity to 30% on round goby populations in freshwater ecosystems?,1072,Ponto-Caspian gobies: Changing salinity,Control of Freshwater Invasive Species,3281,Actively manage water level before/after planting non-woody plants: freshwater wetlands,Marsh and Swamp Conservation
What is the potential impact of increasing water salinity to 30% on round goby populations in freshwater ecosystems?,1072,Ponto-Caspian gobies: Changing salinity,Control of Freshwater Invasive Species,3200,Raise water level to restore/create freshwater swamps from other land uses,Marsh and Swamp Conservation
What is the primary method shown to be potentially effective in reducing American mink populations?,107,Control mink,Farmland Conservation,107,Control mink,Farmland Conservation
What is the primary method shown to be potentially effective in reducing American mink populations?,107,Control mink,Farmland Conservation,2529,Remove/control non-native plants,Terrestrial Mammal Conservation
"In designing a conservation strategy to control Ponto-Caspian gammarids using parasitic moulds, which of the following factors would be LEAST important to consider?",1089,Ponto-Caspian gammarids: Exposure to parasites,Control of Freshwater Invasive Species,1089,Ponto-Caspian gammarids: Exposure to parasites,Control of Freshwater Invasive Species
"In designing a conservation strategy to control Ponto-Caspian gammarids using parasitic moulds, which of the following factors would be LEAST important to consider?",1089,Ponto-Caspian gammarids: Exposure to parasites,Control of Freshwater Invasive Species,1088,Ponto-Caspian gammarids: Control movement of gammarids,Control of Freshwater Invasive Species
Which of the following statements best evaluates the effectiveness of changing water salinity to control Ponto-Caspian gammarids?,1091,Ponto-Caspian gammarids: Change salinity of the water,Control of Freshwater Invasive Species,1091,Ponto-Caspian gammarids: Change salinity of the water,Control of Freshwater Invasive Species
Which of the following statements best evaluates the effectiveness of changing water salinity to control Ponto-Caspian gammarids?,1091,Ponto-Caspian gammarids: Change salinity of the water,Control of Freshwater Invasive Species,1093,Ponto-Caspian gammarids: Change water pH,Control of Freshwater Invasive Species
Which of the following statements best describes the effectiveness of dewatering habitats to control Ponto-Caspian gammarids?,1094,Ponto-Caspian gammarids: Dewater (dry out) the habitat,Control of Freshwater Invasive Species,1094,Ponto-Caspian gammarids: Dewater (dry out) the habitat,Control of Freshwater Invasive Species
Which of the following statements best describes the effectiveness of dewatering habitats to control Ponto-Caspian gammarids?,1094,Ponto-Caspian gammarids: Dewater (dry out) the habitat,Control of Freshwater Invasive Species,1089,Ponto-Caspian gammarids: Exposure to parasites,Control of Freshwater Invasive Species
"In designing a habitat dewatering plan to control Ponto-Caspian gammarids, what critical factor should be considered to ensure effectiveness across multiple species?",1094,Ponto-Caspian gammarids: Dewater (dry out) the habitat,Control of Freshwater Invasive Species,1094,Ponto-Caspian gammarids: Dewater (dry out) the habitat,Control of Freshwater Invasive Species
"In designing a habitat dewatering plan to control Ponto-Caspian gammarids, what critical factor should be considered to ensure effectiveness across multiple species?",1094,Ponto-Caspian gammarids: Dewater (dry out) the habitat,Control of Freshwater Invasive Species,1089,Ponto-Caspian gammarids: Exposure to parasites,Control of Freshwater Invasive Species
Which of the following chemicals would be most effective in controlling invasive killer shrimp populations in a freshwater ecosystem?,1095,Ponto-Caspian gammarids: Add chemicals to the water,Control of Freshwater Invasive Species,1095,Ponto-Caspian gammarids: Add chemicals to the water,Control of Freshwater Invasive Species
Which of the following chemicals would be most effective in controlling invasive killer shrimp populations in a freshwater ecosystem?,1095,Ponto-Caspian gammarids: Add chemicals to the water,Control of Freshwater Invasive Species,1091,Ponto-Caspian gammarids: Change salinity of the water,Control of Freshwater Invasive Species
"If a conservation manager wants to design a new chemical treatment to control invasive killer shrimp, which of the following characteristics should the treatment have to maximize its potential for field application?",1095,Ponto-Caspian gammarids: Add chemicals to the water,Control of Freshwater Invasive Species,1095,Ponto-Caspian gammarids: Add chemicals to the water,Control of Freshwater Invasive Species
"If a conservation manager wants to design a new chemical treatment to control invasive killer shrimp, which of the following characteristics should the treatment have to maximize its potential for field application?",1095,Ponto-Caspian gammarids: Add chemicals to the water,Control of Freshwater Invasive Species,1093,Ponto-Caspian gammarids: Change water pH,Control of Freshwater Invasive Species
Which of the following statements best reflects the effectiveness of physical removal as a control method for skunk cabbage across different studies?,1101,Skunk cabbage:  Physical removal,Control of Freshwater Invasive Species,1101,Skunk cabbage:  Physical removal,Control of Freshwater Invasive Species
Which of the following statements best reflects the effectiveness of physical removal as a control method for skunk cabbage across different studies?,1101,Skunk cabbage:  Physical removal,Control of Freshwater Invasive Species,1102,Skunk cabbage:  Chemical control using herbicides,Control of Freshwater Invasive Species
How might the effectiveness of physical removal for skunk cabbage control be improved in situations similar to the German study?,1101,Skunk cabbage:  Physical removal,Control of Freshwater Invasive Species,1101,Skunk cabbage:  Physical removal,Control of Freshwater Invasive Species
How might the effectiveness of physical removal for skunk cabbage control be improved in situations similar to the German study?,1101,Skunk cabbage:  Physical removal,Control of Freshwater Invasive Species,1102,Skunk cabbage:  Chemical control using herbicides,Control of Freshwater Invasive Species
What potential factors should be considered when interpreting the conflicting results of glyphosate effectiveness on skunk cabbage control?,1102,Skunk cabbage:  Chemical control using herbicides,Control of Freshwater Invasive Species,1102,Skunk cabbage:  Chemical control using herbicides,Control of Freshwater Invasive Species
What potential factors should be considered when interpreting the conflicting results of glyphosate effectiveness on skunk cabbage control?,1102,Skunk cabbage:  Chemical control using herbicides,Control of Freshwater Invasive Species,1101,Skunk cabbage:  Physical removal,Control of Freshwater Invasive Species
Which of the following methods is most likely to be effective in reducing the abundance of Asian clams in a freshwater ecosystem?,1117,Asian clams: Use gas-impermeable barriers,Control of Freshwater Invasive Species,1120,Asian clams: Mechanical removal,Control of Freshwater Invasive Species
Which of the following methods is most likely to be effective in reducing the abundance of Asian clams in a freshwater ecosystem?,1117,Asian clams: Use gas-impermeable barriers,Control of Freshwater Invasive Species,1113,Asian clams: Reduce oxygen in the water,Control of Freshwater Invasive Species
Which of the following factors most effectively enhances the efficiency of chemical treatments in eliminating Asian clams?,1118,Asian clams: Add chemicals to the water,Control of Freshwater Invasive Species,1120,Asian clams: Mechanical removal,Control of Freshwater Invasive Species
Which of the following factors most effectively enhances the efficiency of chemical treatments in eliminating Asian clams?,1118,Asian clams: Add chemicals to the water,Control of Freshwater Invasive Species,1118,Asian clams: Add chemicals to the water,Control of Freshwater Invasive Species
"In the context of controlling Asian clams in industrial settings, what would be the most appropriate approach to achieve long-term reduction in clam numbers without complete eradication?",1119,Asian clams: Clean equipment,Control of Freshwater Invasive Species,1120,Asian clams: Mechanical removal,Control of Freshwater Invasive Species
"In the context of controlling Asian clams in industrial settings, what would be the most appropriate approach to achieve long-term reduction in clam numbers without complete eradication?",1119,Asian clams: Clean equipment,Control of Freshwater Invasive Species,1119,Asian clams: Clean equipment,Control of Freshwater Invasive Species
How might the effectiveness of mechanical removal and regular cleaning compare to the addition of a sand filter in controlling Asian clam populations in industrial pipes?,1119,Asian clams: Clean equipment,Control of Freshwater Invasive Species,1119,Asian clams: Clean equipment,Control of Freshwater Invasive Species
How might the effectiveness of mechanical removal and regular cleaning compare to the addition of a sand filter in controlling Asian clam populations in industrial pipes?,1119,Asian clams: Clean equipment,Control of Freshwater Invasive Species,1120,Asian clams: Mechanical removal,Control of Freshwater Invasive Species
"In the context of biological control for floating pennywort, what can be inferred about the relationship between laboratory and field results?",1123,"Floating pennywort: Biological control using co-evolved, host specific herbivores",Control of Freshwater Invasive Species,1123,"Floating pennywort: Biological control using co-evolved, host specific herbivores",Control of Freshwater Invasive Species
"In the context of biological control for floating pennywort, what can be inferred about the relationship between laboratory and field results?",1123,"Floating pennywort: Biological control using co-evolved, host specific herbivores",Control of Freshwater Invasive Species,1131,Floating pennywort: Flame treatment,Control of Freshwater Invasive Species
Which of the following strategies would be most effective for achieving near 100% mortality of floating pennywort?,1127,Floating pennywort: Chemical control using herbicides,Control of Freshwater Invasive Species,1131,Floating pennywort: Flame treatment,Control of Freshwater Invasive Species
Which of the following strategies would be most effective for achieving near 100% mortality of floating pennywort?,1127,Floating pennywort: Chemical control using herbicides,Control of Freshwater Invasive Species,1127,Floating pennywort: Chemical control using herbicides,Control of Freshwater Invasive Species
Which of the following statements best describes the effectiveness of combining herbicides and physical removal for controlling floating pennywort?,1128,Floating pennywort: Combination treatment using herbicides and physical removal,Control of Freshwater Invasive Species,1127,Floating pennywort: Chemical control using herbicides,Control of Freshwater Invasive Species
Which of the following statements best describes the effectiveness of combining herbicides and physical removal for controlling floating pennywort?,1128,Floating pennywort: Combination treatment using herbicides and physical removal,Control of Freshwater Invasive Species,1128,Floating pennywort: Combination treatment using herbicides and physical removal,Control of Freshwater Invasive Species
"In the context of invasive species management, what potential advantage might a combination treatment of herbicides and physical removal have over using either method alone?",1128,Floating pennywort: Combination treatment using herbicides and physical removal,Control of Freshwater Invasive Species,1314,Use herbicides to remove invasive plant species,Forest Conservation
"In the context of invasive species management, what potential advantage might a combination treatment of herbicides and physical removal have over using either method alone?",1128,Floating pennywort: Combination treatment using herbicides and physical removal,Control of Freshwater Invasive Species,3697,Remove or control non-native/invasive plants,Reptile Conservation
Which of the following best describes a potential limitation of relying solely on medicated grit to improve grouse productivity?,112,Provide medicated grit for grouse,Farmland Conservation,112,Provide medicated grit for grouse,Farmland Conservation
Which of the following best describes a potential limitation of relying solely on medicated grit to improve grouse productivity?,112,Provide medicated grit for grouse,Farmland Conservation,647,Maintain upland heath/moorland,Farmland Conservation
Which of the following best describes the specificity of the flea beetle as a biological control agent for water primrose?,1135,"Water primrose: Biological control using co-evolved, host specific herbivores",Control of Freshwater Invasive Species,1135,"Water primrose: Biological control using co-evolved, host specific herbivores",Control of Freshwater Invasive Species
Which of the following best describes the specificity of the flea beetle as a biological control agent for water primrose?,1135,"Water primrose: Biological control using co-evolved, host specific herbivores",Control of Freshwater Invasive Species,1140,Water primrose: Combination treatment using herbicides and physical removal,Control of Freshwater Invasive Species
Which of the following statements best describes the effectiveness of physical removal methods for controlling water primrose populations?,1138,Water primrose: Physical removal,Control of Freshwater Invasive Species,1138,Water primrose: Physical removal,Control of Freshwater Invasive Species
Which of the following statements best describes the effectiveness of physical removal methods for controlling water primrose populations?,1138,Water primrose: Physical removal,Control of Freshwater Invasive Species,1140,Water primrose: Combination treatment using herbicides and physical removal,Control of Freshwater Invasive Species
"In the context of water primrose control, what factor appears to influence the success of physical removal methods?",1138,Water primrose: Physical removal,Control of Freshwater Invasive Species,1138,Water primrose: Physical removal,Control of Freshwater Invasive Species
"In the context of water primrose control, what factor appears to influence the success of physical removal methods?",1138,Water primrose: Physical removal,Control of Freshwater Invasive Species,1140,Water primrose: Combination treatment using herbicides and physical removal,Control of Freshwater Invasive Species
Which of the following herbicides has been shown to be 100% effective in controlling water primrose when combined with TopFilm?,1139,Water primrose: Chemical control using herbicides,Control of Freshwater Invasive Species,1139,Water primrose: Chemical control using herbicides,Control of Freshwater Invasive Species
Which of the following herbicides has been shown to be 100% effective in controlling water primrose when combined with TopFilm?,1139,Water primrose: Chemical control using herbicides,Control of Freshwater Invasive Species,1140,Water primrose: Combination treatment using herbicides and physical removal,Control of Freshwater Invasive Species
Which combination of methods proved most effective in controlling water primrose according to the studies?,1140,Water primrose: Combination treatment using herbicides and physical removal,Control of Freshwater Invasive Species,1139,Water primrose: Chemical control using herbicides,Control of Freshwater Invasive Species
Which combination of methods proved most effective in controlling water primrose according to the studies?,1140,Water primrose: Combination treatment using herbicides and physical removal,Control of Freshwater Invasive Species,1140,Water primrose: Combination treatment using herbicides and physical removal,Control of Freshwater Invasive Species
"In the context of forest conservation, what might be a potential unintended consequence of controlling bird populations?",1151,Control birds,Forest Conservation,335,"Manually control or remove midstorey and ground-level vegetation (including mowing, chaining, cutting etc) in forests",Bird Conservation
"In the context of forest conservation, what might be a potential unintended consequence of controlling bird populations?",1151,Control birds,Forest Conservation,429,Reduce adverse habitat alterations by excluding problematic terrestrial species,Bird Conservation
Which of the following statements most accurately reflects the effectiveness of community-based management in protecting forests according to the available evidence?,1152,Adopt community-based management to protect forests,Forest Conservation,1152,Adopt community-based management to protect forests,Forest Conservation
Which of the following statements most accurately reflects the effectiveness of community-based management in protecting forests according to the available evidence?,1152,Adopt community-based management to protect forests,Forest Conservation,2395,Encourage community-based participation in land management,Terrestrial Mammal Conservation
"Which of the following resources, when provided in combination, has been shown to potentially increase grey partridge density?",117,"Provide other resources for birds (water, sand for bathing)",Farmland Conservation,117,"Provide other resources for birds (water, sand for bathing)",Farmland Conservation
"Which of the following resources, when provided in combination, has been shown to potentially increase grey partridge density?",117,"Provide other resources for birds (water, sand for bathing)",Farmland Conservation,127,Control scrub,Farmland Conservation
Which of the following outcomes is most likely to result from planting nettle strips in arable field margins?,118,Plant nettle strips,Farmland Conservation,118,Plant nettle strips,Farmland Conservation
Which of the following outcomes is most likely to result from planting nettle strips in arable field margins?,118,Plant nettle strips,Farmland Conservation,3518,Create uncultivated margins around arable or pasture fields,Reptile Conservation
Which of the following best describes the overall effectiveness of using wire fences to exclude livestock from specific forest sections?,1205,Use wire fences within grazing areas to exclude livestock from specific forest sections,Forest Conservation,1205,Use wire fences within grazing areas to exclude livestock from specific forest sections,Forest Conservation
Which of the following best describes the overall effectiveness of using wire fences to exclude livestock from specific forest sections?,1205,Use wire fences within grazing areas to exclude livestock from specific forest sections,Forest Conservation,1230,Use wire fencing to exclude large native herbivores,Forest Conservation
Which of the following is most likely to be a direct result of reducing livestock grazing intensity in forests?,1207,Reduce the intensity of livestock grazing in forests,Forest Conservation,1207,Reduce the intensity of livestock grazing in forests,Forest Conservation
Which of the following is most likely to be a direct result of reducing livestock grazing intensity in forests?,1207,Reduce the intensity of livestock grazing in forests,Forest Conservation,704,Reduce grazing intensity on grassland (including seasonal removal of livestock),Farmland Conservation
Which of the following is most likely to increase oak tree regeneration in grazed forest areas?,1208,Shorten livestock grazing period or control grazing season in forests,Forest Conservation,1259,Add lime to the soil after tree planting,Forest Conservation
Which of the following is most likely to increase oak tree regeneration in grazed forest areas?,1208,Shorten livestock grazing period or control grazing season in forests,Forest Conservation,2631,Plant trees following clearfelling,Terrestrial Mammal Conservation
How might the timing of grazing affect tree seedling establishment in forests?,1208,Shorten livestock grazing period or control grazing season in forests,Forest Conservation,1208,Shorten livestock grazing period or control grazing season in forests,Forest Conservation
How might the timing of grazing affect tree seedling establishment in forests?,1208,Shorten livestock grazing period or control grazing season in forests,Forest Conservation,644,Restore or create wood pasture,Farmland Conservation
How do wide riparian buffer strips affect ground beetle assemblages compared to the adjacent pasture field?,120,Provide buffer strips alongside water courses (rivers and streams),Farmland Conservation,120,Provide buffer strips alongside water courses (rivers and streams),Farmland Conservation
How do wide riparian buffer strips affect ground beetle assemblages compared to the adjacent pasture field?,120,Provide buffer strips alongside water courses (rivers and streams),Farmland Conservation,747,Retain riparian buffer strips during timber harvest,Amphibian Conservation
